﻿<?xml version="1.0" encoding="utf-8"?>
<Symbolconfiguration xmlns="http://www.3s-software.com/schemas/Symbolconfiguration.xsd">
  <Header>
    <Version>3.5.14.0</Version>
    <SymbolConfigObject version="4.0.0.0" runtimeid="3.5.17.10" libversion="3.5.17.0" compiler="3.5.17.10" lmm="3.5.17.0" profile="CODESYS V3.5 SP17 Patch 1+" settings="SupportOPCUA, LayoutCalculator=OptimizedClientSideLayoutCalculator" />
    <ProjectInfo name="AUTOMATA_NIVEL_1" devicename="Device" appname="Application" />
  </Header>
  <TypeList>
    <TypeSimple name="T_BOOL" size="1" swapsize="0" typeclass="Bool" iecname="BOOL" />
    <TypeSimple name="T_UINT" size="2" swapsize="2" typeclass="UInt" iecname="UINT" />
    <TypeUserDef name="T_VERSION" size="8" nativesize="8" typeclass="Userdef" pouclass="STRUCTURE" iecname="VERSION">
      <UserDefElement iecname="uiMajor" type="T_UINT" byteoffset="0" vartype="VAR" access="ReadWrite" />
      <UserDefElement iecname="uiMinor" type="T_UINT" byteoffset="2" vartype="VAR" access="ReadWrite" />
      <UserDefElement iecname="uiServicePack" type="T_UINT" byteoffset="4" vartype="VAR" access="ReadWrite" />
      <UserDefElement iecname="uiPatch" type="T_UINT" byteoffset="6" vartype="VAR" access="ReadWrite" />
    </TypeUserDef>
  </TypeList>
  <NodeList>
    <Node name="Application">
      <Node name="Constants">
        <Node name="CompilerVersion" type="T_VERSION" access="Read" />
        <Node name="RuntimeVersion" type="T_VERSION" access="Read" />
      </Node>
      <Node name="PLC_PRG">
        <Node name="finish" type="T_BOOL" access="ReadWrite" />
        <Node name="init" type="T_BOOL" access="ReadWrite" />
      </Node>
    </Node>
  </NodeList>
</Symbolconfiguration>